Month,year,release_date
December,2017,"December 1, 2017"
December,2017,"December 1, 2017"
December,2017,"December 1, 2017"
December,2017,"December 1, 2017"
December,2017,"December 1, 2017"
December,2017,"December 1, 2017"
December,2017,"December 1, 2017"
December,2017,"December 1, 2017"
December,2017,"December 1, 2017"
December,2017,"December 1, 2017"
December,2017,"December 1, 2017"
December,2017,"December 1, 2017"
December,2017,"December 1, 2017"
December,2017,"December 1, 2017"
December,2017,"December 1, 2017"
December,2017,"December 1, 2017"
December,2017,"December 1, 2017"
December,2017,"December 1, 2017"
December,2017,"December 1, 2017"
December,2017,"December 1, 2017"
December,2017,"December 1, 2017"
December,2017,"December 1, 2017"
December,2017,"December 1, 2017"
December,2017,"December 1, 2017"
December,2017,"December 1, 2017"
December,2017,"December 1, 2017"
December,2018,"December 1, 2018"
December,2018,"December 1, 2018"
December,2018,"December 1, 2018"
December,2018,"December 1, 2018"
December,2018,"December 1, 2018"
December,2018,"December 1, 2018"
December,2018,"December 1, 2018"
December,2018,"December 1, 2018"
December,2018,"December 1, 2018"
December,2018,"December 1, 2018"
December,2018,"December 1, 2018"
December,2018,"December 1, 2018"
December,2018,"December 1, 2018"
December,2018,"December 1, 2018"
December,2018,"December 1, 2018"
December,2018,"December 1, 2018"
December,2018,"December 1, 2018"
December,2018,"December 1, 2018"
December,2018,"December 1, 2018"
December,2018,"December 1, 2018"
December,2018,"December 1, 2018"
December,2018,"December 1, 2018"
December,2018,"December 1, 2018"
December,2018,"December 1, 2018"
December,2018,"December 1, 2018"
December,2018,"December 1, 2018"
December,2018,"December 1, 2018"
December,2018,"December 1, 2018"
December,2018,"December 1, 2018"
December,2018,"December 1, 2018"
December,2018,"December 1, 2018"
December,2018,"December 1, 2018"
December,2018,"December 1, 2018"
December,2018,"December 1, 2018"
November,2018,"November 1, 2018"
November,2018,"November 1, 2018"
November,2018,"November 1, 2018"
November,2018,"November 1, 2018"
November,2018,"November 1, 2018"
November,2018,"November 1, 2018"
November,2018,"November 1, 2018"
November,2018,"November 1, 2018"
November,2018,"November 1, 2018"
November,2018,"November 1, 2018"
November,2018,"November 1, 2018"
November,2018,"November 1, 2018"
November,2018,"November 1, 2018"
November,2018,"November 1, 2018"
November,2018,"November 1, 2018"
November,2018,"November 1, 2018"
November,2018,"November 1, 2018"
November,2018,"November 1, 2018"
November,2018,"November 1, 2018"
November,2018,"November 1, 2018"
November,2018,"November 1, 2018"
November,2018,"November 1, 2018"
November,2018,"November 1, 2018"
November,2018,"November 1, 2018"
November,2018,"November 1, 2018"
,2018," 1, 2018"
November,2018,"November 1, 2018"
November,2018,"November 1, 2018"
October,2018,"October 1, 2018"
October,2018,"October 1, 2018"
October,2018,"October 1, 2018"
October,2018,"October 1, 2018"
October,2018,"October 1, 2018"
October,2018,"October 1, 2018"
October,2018,"October 1, 2018"
October,2018,"October 1, 2018"
October,2018,"October 1, 2018"
October,2018,"October 1, 2018"
October,2018,"October 1, 2018"
October,2018,"October 1, 2018"
October,2018,"October 1, 2018"
October,2018,"October 1, 2018"
October,2018,"October 1, 2018"
October,2018,"October 1, 2018"
October,2018,"October 1, 2018"
October,2018,"October 1, 2018"
October,2018,"October 1, 2018"
October,2018,"October 1, 2018"
October,2018,"October 1, 2018"
October,2018,"October 1, 2018"
October,2018,"October 1, 2018"
October,2018,"October 1, 2018"
October,2018,"October 1, 2018"
October,2018,"October 1, 2018"
October,2018,"October 1, 2018"
October,2018,"October 1, 2018"
October,2018,"October 1, 2018"
October,2018,"October 1, 2018"
October,2018,"October 1, 2018"
October,2018,"October 1, 2018"
October,2018,"October 1, 2018"
October,2018,"October 1, 2018"
October,2018,"October 1, 2018"
October,2018,"October 1, 2018"
October,2018,"October 1, 2018"
October,2018,"October 1, 2018"
September,2018,"September 1, 2018"
September,2018,"September 1, 2018"
September,2018,"September 1, 2018"
September,2018,"September 1, 2018"
September,2018,"September 1, 2018"
September,2018,"September 1, 2018"
September,2018,"September 1, 2018"
September,2018,"September 1, 2018"
September,2018,"September 1, 2018"
September,2018,"September 1, 2018"
September,2018,"September 1, 2018"
September,2018,"September 1, 2018"
September,2018,"September 1, 2018"
September,2018,"September 1, 2018"
September,2018,"September 1, 2018"
September,2018,"September 1, 2018"
September,2018,"September 1, 2018"
September,2018,"September 1, 2018"
September,2018,"September 1, 2018"
August,2018,"August 1, 2018"
August,2018,"August 1, 2018"
August,2018,"August 1, 2018"
August,2018,"August 1, 2018"
August,2018,"August 1, 2018"
August,2018,"August 1, 2018"
August,2018,"August 1, 2018"
August,2018,"August 1, 2018"
August,2018,"August 1, 2018"
August,2018,"August 1, 2018"
August,2018,"August 1, 2018"
August,2018,"August 1, 2018"
August,2018,"August 1, 2018"
August,2018,"August 1, 2018"
August,2018,"August 1, 2018"
August,2018,"August 1, 2018"
August,2018,"August 1, 2018"
August,2018,"August 1, 2018"
August,2018,"August 1, 2018"
August,2018,"August 1, 2018"
August,2018,"August 1, 2018"
August,2018,"August 1, 2018"
August,2018,"August 1, 2018"
August,2018,"August 1, 2018"
August,2018,"August 1, 2018"
August,2018,"August 1, 2018"
August,2018,"August 1, 2018"
August,2018,"August 1, 2018"
August,2018,"August 1, 2018"
August,2018,"August 1, 2018"
August,2018,"August 1, 2018"
August,2018,"August 1, 2018"
August,2018,"August 1, 2018"
August,2018,"August 1, 2018"
August,2018,"August 1, 2018"
August,2018,"August 1, 2018"
July,2018,"July 1, 2018"
July,2018,"July 1, 2018"
July,2018,"July 1, 2018"
July,2018,"July 1, 2018"
July,2018,"July 1, 2018"
July,2018,"July 1, 2018"
July,2018,"July 1, 2018"
July,2018,"July 1, 2018"
July,2018,"July 1, 2018"
July,2018,"July 1, 2018"
July,2018,"July 1, 2018"
July,2018,"July 1, 2018"
July,2018,"July 1, 2018"
July,2018,"July 1, 2018"
July,2018,"July 1, 2018"
July,2018,"July 1, 2018"
July,2018,"July 1, 2018"
July,2018,"July 1, 2018"
July,2018,"July 1, 2018"
July,2018,"July 1, 2018"
July,2018,"July 1, 2018"
July,2018,"July 1, 2018"
July,2018,"July 1, 2018"
July,2018,"July 1, 2018"
July,2018,"July 1, 2018"
July,2018,"July 1, 2018"
July,2018,"July 1, 2018"
July,2018,"July 1, 2018"
July,2018,"July 1, 2018"
July,2018,"July 1, 2018"
July,2018,"July 1, 2018"
July,2018,"July 1, 2018"
July,2018,"July 1, 2018"
July,2018,"July 1, 2018"
July,2018,"July 1, 2018"
July,2018,"July 1, 2018"
July,2018,"July 1, 2018"
June,2018,"June 1, 2018"
June,2018,"June 1, 2018"
June,2018,"June 1, 2018"
June,2018,"June 1, 2018"
June,2018,"June 1, 2018"
June,2018,"June 1, 2018"
June,2018,"June 1, 2018"
June,2018,"June 1, 2018"
June,2018,"June 1, 2018"
June,2018,"June 1, 2018"
June,2018,"June 1, 2018"
June,2018,"June 1, 2018"
June,2018,"June 1, 2018"
June,2018,"June 1, 2018"
June,2018,"June 1, 2018"
June,2018,"June 1, 2018"
June,2018,"June 1, 2018"
June,2018,"June 1, 2018"
June,2018,"June 1, 2018"
June,2018,"June 1, 2018"
June,2018,"June 1, 2018"
June,2018,"June 1, 2018"
June,2018,"June 1, 2018"
June,2018,"June 1, 2018"
June,2018,"June 1, 2018"
June,2018,"June 1, 2018"
June,2018,"June 1, 2018"
June,2018,"June 1, 2018"
June,2018,"June 1, 2018"
June,2018,"June 1, 2018"
June,2018,"June 1, 2018"
June,2018,"June 1, 2018"
June,2018,"June 1, 2018"
June,2018,"June 1, 2018"
June,2018,"June 1, 2018"
June,2018,"June 1, 2018"
June,2018,"June 1, 2018"
June,2018,"June 1, 2018"
June,2018,"June 1, 2018"
May,2018,"May 1, 2018"
May,2018,"May 1, 2018"
May,2018,"May 1, 2018"
May,2018,"May 1, 2018"
May,2018,"May 1, 2018"
May,2018,"May 1, 2018"
May,2018,"May 1, 2018"
May,2018,"May 1, 2018"
May,2018,"May 1, 2018"
May,2018,"May 1, 2018"
May,2018,"May 1, 2018"
May,2018,"May 1, 2018"
May,2018,"May 1, 2018"
May,2018,"May 1, 2018"
May,2018,"May 1, 2018"
May,2018,"May 1, 2018"
May,2018,"May 1, 2018"
May,2018,"May 1, 2018"
May,2018,"May 1, 2018"
May,2018,"May 1, 2018"
May,2018,"May 1, 2018"
May,2018,"May 1, 2018"
May,2018,"May 1, 2018"
May,2018,"May 1, 2018"
May,2018,"May 1, 2018"
May,2018,"May 1, 2018"
May,2018,"May 1, 2018"
May,2018,"May 1, 2018"
May,2018,"May 1, 2018"
May,2018,"May 1, 2018"
April,2018,"April 1, 2018"
April,2018,"April 1, 2018"
April,2018,"April 1, 2018"
April,2018,"April 1, 2018"
April,2018,"April 1, 2018"
April,2018,"April 1, 2018"
April,2018,"April 1, 2018"
April,2018,"April 1, 2018"
April,2018,"April 1, 2018"
April,2018,"April 1, 2018"
April,2018,"April 1, 2018"
April,2018,"April 1, 2018"
April,2018,"April 1, 2018"
April,2018,"April 1, 2018"
April,2018,"April 1, 2018"
April,2018,"April 1, 2018"
April,2018,"April 1, 2018"
April,2018,"April 1, 2018"
April,2018,"April 1, 2018"
April,2018,"April 1, 2018"
April,2018,"April 1, 2018"
April,2018,"April 1, 2018"
March,2018,"March 1, 2018"
March,2018,"March 1, 2018"
March,2018,"March 1, 2018"
March,2018,"March 1, 2018"
March,2018,"March 1, 2018"
March,2018,"March 1, 2018"
March,2018,"March 1, 2018"
March,2018,"March 1, 2018"
March,2018,"March 1, 2018"
March,2018,"March 1, 2018"
March,2018,"March 1, 2018"
March,2018,"March 1, 2018"
March,2018,"March 1, 2018"
March,2018,"March 1, 2018"
March,2018,"March 1, 2018"
March,2018,"March 1, 2018"
March,2018,"March 1, 2018"
March,2018,"March 1, 2018"
March,2018,"March 1, 2018"
March,2018,"March 1, 2018"
March,2018,"March 1, 2018"
March,2018,"March 1, 2018"
March,2018,"March 1, 2018"
March,2018,"March 1, 2018"
March,2018,"March 1, 2018"
March,2018,"March 1, 2018"
March,2018,"March 1, 2018"
March,2018,"March 1, 2018"
March,2018,"March 1, 2018"
March,2018,"March 1, 2018"
March,2018,"March 1, 2018"
March,2018,"March 1, 2018"
February,2018,"February 1, 2018"
February,2018,"February 1, 2018"
February,2018,"February 1, 2018"
February,2018,"February 1, 2018"
February,2018,"February 1, 2018"
February,2018,"February 1, 2018"
February,2018,"February 1, 2018"
February,2018,"February 1, 2018"
February,2018,"February 1, 2018"
February,2018,"February 1, 2018"
February,2018,"February 1, 2018"
February,2018,"February 1, 2018"
February,2018,"February 1, 2018"
February,2018,"February 1, 2018"
February,2018,"February 1, 2018"
February,2018,"February 1, 2018"
February,2018,"February 1, 2018"
February,2018,"February 1, 2018"
February,2018,"February 1, 2018"
February,2018,"February 1, 2018"
February,2018,"February 1, 2018"
February,2018,"February 1, 2018"
February,2018,"February 1, 2018"
February,2018,"February 1, 2018"
January,2018,"January 1, 2018"
January,2018,"January 1, 2018"
January,2018,"January 1, 2018"
January,2018,"January 1, 2018"
January,2018,"January 1, 2018"
January,2018,"January 1, 2018"
January,2018,"January 1, 2018"
January,2018,"January 1, 2018"
January,2018,"January 1, 2018"
January,2018,"January 1, 2018"
January,2018,"January 1, 2018"
January,2018,"January 1, 2018"
January,2018,"January 1, 2018"
January,2018,"January 1, 2018"
January,2018,"January 1, 2018"
January,2018,"January 1, 2018"
January,2018,"January 1, 2018"
January,2018,"January 1, 2018"
January,2018,"January 1, 2018"
January,2018,"January 1, 2018"
January,2018,"January 1, 2018"
January,2018,"January 1, 2018"
January,2018,"January 1, 2018"
January,2018,"January 1, 2018"
January,2018,"January 1, 2018"
January,2018,"January 1, 2018"
January,2018,"January 1, 2018"
January,2018,"January 1, 2018"
January,2018,"January 1, 2018"
January,2018,"January 1, 2018"
January,2018,"January 1, 2018"
January,2018,"January 1, 2018"
January,2018,"January 1, 2018"
January,2018,"January 1, 2018"
January,2018,"January 1, 2018"
January,2018,"January 1, 2018"
January,2018,"January 1, 2018"
January,2018,"January 1, 2018"
January,2018,"January 1, 2018"
January,2018,"January 1, 2018"
January,2018,"January 1, 2018"
January,2018,"January 1, 2018"
January,2018,"January 1, 2018"
January,2018,"January 1, 2018"
January,2018,"January 1, 2018"
January,2018,"January 1, 2018"
January,2018,"January 1, 2018"
January,2018,"January 1, 2018"
January,2018,"January 1, 2018"
January,2018,"January 1, 2018"
January,2018,"January 1, 2018"
January,2018,"January 1, 2018"
January,2018,"January 1, 2018"
January,2018,"January 1, 2018"
December,2019,"December 1, 2019"
December,2019,"December 1, 2019"
December,2019,"December 1, 2019"
December,2019,"December 1, 2019"
December,2019,"December 1, 2019"
December,2019,"December 1, 2019"
December,2019,"December 1, 2019"
December,2019,"December 1, 2019"
December,2019,"December 1, 2019"
December,2019,"December 1, 2019"
December,2019,"December 1, 2019"
December,2019,"December 1, 2019"
December,2019,"December 1, 2019"
December,2019,"December 1, 2019"
December,2019,"December 1, 2019"
December,2019,"December 1, 2019"
December,2019,"December 1, 2019"
December,2019,"December 1, 2019"
December,2019,"December 1, 2019"
December,2019,"December 1, 2019"
December,2019,"December 1, 2019"
December,2019,"December 1, 2019"
December,2019,"December 1, 2019"
December,2019,"December 1, 2019"
November,2019,"November 1, 2019"
November,2019,"November 1, 2019"
November,2019,"November 1, 2019"
November,2019,"November 1, 2019"
November,2019,"November 1, 2019"
November,2019,"November 1, 2019"
November,2019,"November 1, 2019"
November,2019,"November 1, 2019"
November,2019,"November 1, 2019"
November,2019,"November 1, 2019"
November,2019,"November 1, 2019"
November,2019,"November 1, 2019"
November,2019,"November 1, 2019"
November,2019,"November 1, 2019"
November,2019,"November 1, 2019"
November,2019,"November 1, 2019"
November,2019,"November 1, 2019"
November,2019,"November 1, 2019"
November,2019,"November 1, 2019"
November,2019,"November 1, 2019"
November,2019,"November 1, 2019"
November,2019,"November 1, 2019"
October,2019,"October 1, 2019"
October,2019,"October 1, 2019"
October,2019,"October 1, 2019"
October,2019,"October 1, 2019"
October,2019,"October 1, 2019"
October,2019,"October 1, 2019"
October,2019,"October 1, 2019"
October,2019,"October 1, 2019"
October,2019,"October 1, 2019"
October,2019,"October 1, 2019"
October,2019,"October 1, 2019"
October,2019,"October 1, 2019"
October,2019,"October 1, 2019"
October,2019,"October 1, 2019"
October,2019,"October 1, 2019"
October,2019,"October 1, 2019"
October,2019,"October 1, 2019"
October,2019,"October 1, 2019"
October,2019,"October 1, 2019"
October,2019,"October 1, 2019"
October,2019,"October 1, 2019"
October,2019,"October 1, 2019"
October,2019,"October 1, 2019"
October,2019,"October 1, 2019"
October,2019,"October 1, 2019"
October,2019,"October 1, 2019"
October,2019,"October 1, 2019"
October,2019,"October 1, 2019"
October,2019,"October 1, 2019"
October,2019,"October 1, 2019"
October,2019,"October 1, 2019"
October,2019,"October 1, 2019"
October,2019,"October 1, 2019"
October,2019,"October 1, 2019"
October,2019,"October 1, 2019"
September,2019,"September 1, 2019"
September,2019,"September 1, 2019"
September,2019,"September 1, 2019"
September,2019,"September 1, 2019"
September,2019,"September 1, 2019"
September,2019,"September 1, 2019"
September,2019,"September 1, 2019"
September,2019,"September 1, 2019"
September,2019,"September 1, 2019"
September,2019,"September 1, 2019"
September,2019,"September 1, 2019"
September,2019,"September 1, 2019"
September,2019,"September 1, 2019"
September,2019,"September 1, 2019"
September,2019,"September 1, 2019"
September,2019,"September 1, 2019"
September,2019,"September 1, 2019"
September,2019,"September 1, 2019"
September,2019,"September 1, 2019"
September,2019,"September 1, 2019"
September,2019,"September 1, 2019"
September,2019,"September 1, 2019"
September,2019,"September 1, 2019"
September,2019,"September 1, 2019"
September,2019,"September 1, 2019"
September,2019,"September 1, 2019"
September,2019,"September 1, 2019"
September,2019,"September 1, 2019"
September,2019,"September 1, 2019"
September,2019,"September 1, 2019"
September,2019,"September 1, 2019"
September,2019,"September 1, 2019"
September,2019,"September 1, 2019"
September,2019,"September 1, 2019"
September,2019,"September 1, 2019"
August,2019,"August 1, 2019"
August,2019,"August 1, 2019"
September,2019,"September 1, 2019"
August,2019,"August 1, 2019"
August,2019,"August 1, 2019"
August,2019,"August 1, 2019"
August,2019,"August 1, 2019"
August,2019,"August 1, 2019"
August,2019,"August 1, 2019"
August,2019,"August 1, 2019"
August,2019,"August 1, 2019"
August,2019,"August 1, 2019"
August,2019,"August 1, 2019"
August,2019,"August 1, 2019"
August,2019,"August 1, 2019"
August,2019,"August 1, 2019"
August,2019,"August 1, 2019"
August,2019,"August 1, 2019"
August,2019,"August 1, 2019"
August,2019,"August 1, 2019"
August,2019,"August 1, 2019"
August,2019,"August 1, 2019"
August,2019,"August 1, 2019"
August,2019,"August 1, 2019"
August,2019,"August 1, 2019"
August,2019,"August 1, 2019"
August,2019,"August 1, 2019"
August,2019,"August 1, 2019"
July,2019,"July 1, 2019"
July,2019,"July 1, 2019"
July,2019,"July 1, 2019"
July,2019,"July 1, 2019"
July,2019,"July 1, 2019"
July,2019,"July 1, 2019"
July,2019,"July 1, 2019"
July,2019,"July 1, 2019"
July,2019,"July 1, 2019"
July,2019,"July 1, 2019"
July,2019,"July 1, 2019"
July,2019,"July 1, 2019"
July,2019,"July 1, 2019"
July,2019,"July 1, 2019"
July,2019,"July 1, 2019"
July,2019,"July 1, 2019"
July,2019,"July 1, 2019"
July,2019,"July 1, 2019"
July,2019,"July 1, 2019"
July,2019,"July 1, 2019"
July,2019,"July 1, 2019"
July,2019,"July 1, 2019"
July,2019,"July 1, 2019"
July,2019,"July 1, 2019"
July,2019,"July 1, 2019"
July,2019,"July 1, 2019"
July,2019,"July 1, 2019"
July,2019,"July 1, 2019"
July,2019,"July 1, 2019"
July,2019,"July 1, 2019"
July,2019,"July 1, 2019"
July,2019,"July 1, 2019"
June,2019,"June 1, 2019"
June,2019,"June 1, 2019"
June,2019,"June 1, 2019"
June,2019,"June 1, 2019"
June,2019,"June 1, 2019"
June,2019,"June 1, 2019"
June,2019,"June 1, 2019"
June,2019,"June 1, 2019"
June,2019,"June 1, 2019"
June,2019,"June 1, 2019"
June,2019,"June 1, 2019"
June,2019,"June 1, 2019"
June,2019,"June 1, 2019"
June,2019,"June 1, 2019"
June,2019,"June 1, 2019"
June,2019,"June 1, 2019"
June,2019,"June 1, 2019"
June,2019,"June 1, 2019"
June,2019,"June 1, 2019"
June,2019,"June 1, 2019"
June,2019,"June 1, 2019"
June,2019,"June 1, 2019"
June,2019,"June 1, 2019"
June,2019,"June 1, 2019"
June,2019,"June 1, 2019"
June,2019,"June 1, 2019"
June,2019,"June 1, 2019"
June,2019,"June 1, 2019"
June,2019,"June 1, 2019"
June,2019,"June 1, 2019"
June,2019,"June 1, 2019"
June,2019,"June 1, 2019"
June,2019,"June 1, 2019"
June,2019,"June 1, 2019"
June,2019,"June 1, 2019"
June,2019,"June 1, 2019"
June,2019,"June 1, 2019"
June,2019,"June 1, 2019"
May,2019,"May 1, 2019"
May,2019,"May 1, 2019"
May,2019,"May 1, 2019"
May,2019,"May 1, 2019"
May,2019,"May 1, 2019"
May,2019,"May 1, 2019"
May,2019,"May 1, 2019"
May,2019,"May 1, 2019"
May,2019,"May 1, 2019"
May,2019,"May 1, 2019"
May,2019,"May 1, 2019"
May,2019,"May 1, 2019"
May,2019,"May 1, 2019"
May,2019,"May 1, 2019"
May,2019,"May 1, 2019"
May,2019,"May 1, 2019"
May,2019,"May 1, 2019"
May,2019,"May 1, 2019"
May,2019,"May 1, 2019"
May,2019,"May 1, 2019"
May,2019,"May 1, 2019"
May,2019,"May 1, 2019"
May,2019,"May 1, 2019"
May,2019,"May 1, 2019"
May,2019,"May 1, 2019"
May,2019,"May 1, 2019"
May,2019,"May 1, 2019"
May,2019,"May 1, 2019"
May,2019,"May 1, 2019"
May,2019,"May 1, 2019"
May,2019,"May 1, 2019"
May,2019,"May 1, 2019"
May,2019,"May 1, 2019"
May,2019,"May 1, 2019"
May,2019,"May 1, 2019"
April,2019,"April 1, 2019"
April,2019,"April 1, 2019"
April,2019,"April 1, 2019"
April,2019,"April 1, 2019"
April,2019,"April 1, 2019"
April,2019,"April 1, 2019"
April,2019,"April 1, 2019"
April,2019,"April 1, 2019"
April,2019,"April 1, 2019"
April,2019,"April 1, 2019"
April,2019,"April 1, 2019"
April,2019,"April 1, 2019"
April,2019,"April 1, 2019"
April,2019,"April 1, 2019"
April,2019,"April 1, 2019"
April,2019,"April 1, 2019"
April,2019,"April 1, 2019"
April,2019,"April 1, 2019"
April,2019,"April 1, 2019"
April,2019,"April 1, 2019"
April,2019,"April 1, 2019"
April,2019,"April 1, 2019"
April,2019,"April 1, 2019"
April,2019,"April 1, 2019"
April,2019,"April 1, 2019"
April,2019,"April 1, 2019"
April,2019,"April 1, 2019"
March,2019,"March 1, 2019"
March,2019,"March 1, 2019"
March,2019,"March 1, 2019"
March,2019,"March 1, 2019"
March,2019,"March 1, 2019"
March,2019,"March 1, 2019"
March,2019,"March 1, 2019"
March,2019,"March 1, 2019"
March,2019,"March 1, 2019"
March,2019,"March 1, 2019"
March,2019,"March 1, 2019"
March,2019,"March 1, 2019"
March,2019,"March 1, 2019"
March,2019,"March 1, 2019"
March,2019,"March 1, 2019"
March,2019,"March 1, 2019"
March,2019,"March 1, 2019"
March,2019,"March 1, 2019"
March,2019,"March 1, 2019"
March,2019,"March 1, 2019"
March,2019,"March 1, 2019"
March,2019,"March 1, 2019"
March,2019,"March 1, 2019"
March,2019,"March 1, 2019"
March,2019,"March 1, 2019"
March,2019,"March 1, 2019"
March,2019,"March 1, 2019"
March,2019,"March 1, 2019"
March,2019,"March 1, 2019"
March,2019,"March 1, 2019"
March,2019,"March 1, 2019"
March,2019,"March 1, 2019"
March,2019,"March 1, 2019"
February,2019,"February 1, 2019"
February,2019,"February 1, 2019"
February,2019,"February 1, 2019"
February,2019,"February 1, 2019"
February,2019,"February 1, 2019"
February,2019,"February 1, 2019"
February,2019,"February 1, 2019"
February,2019,"February 1, 2019"
February,2019,"February 1, 2019"
February,2019,"February 1, 2019"
February,2019,"February 1, 2019"
February,2019,"February 1, 2019"
February,2019,"February 1, 2019"
February,2019,"February 1, 2019"
February,2019,"February 1, 2019"
February,2019,"February 1, 2019"
February,2019,"February 1, 2019"
February,2019,"February 1, 2019"
February,2019,"February 1, 2019"
February,2019,"February 1, 2019"
January,2019,"January 1, 2019"
January,2019,"January 1, 2019"
January,2019,"January 1, 2019"
January,2019,"January 1, 2019"
January,2019,"January 1, 2019"
January,2019,"January 1, 2019"
January,2019,"January 1, 2019"
January,2019,"January 1, 2019"
January,2019,"January 1, 2019"
January,2019,"January 1, 2019"
January,2019,"January 1, 2019"
January,2019,"January 1, 2019"
January,2019,"January 1, 2019"
January,2019,"January 1, 2019"
January,2019,"January 1, 2019"
January,2019,"January 1, 2019"
January,2019,"January 1, 2019"
January,2019,"January 1, 2019"
January,2019,"January 1, 2019"
January,2019,"January 1, 2019"
January,2019,"January 1, 2019"
January,2019,"January 1, 2019"
January,2019,"January 1, 2019"
January,2019,"January 1, 2019"
January,2019,"January 1, 2019"
January,2019,"January 1, 2019"
January,2019,"January 1, 2019"
January,2019,"January 1, 2019"
January,2019,"January 1, 2019"
January,2019,"January 1, 2019"
January,2019,"January 1, 2019"
January,2019,"January 1, 2019"
January,2019,"January 1, 2019"
December,2020,"December 1, 2020"
December,2020,"December 1, 2020"
December,2020,"December 1, 2020"
December,2020,"December 1, 2020"
December,2020,"December 1, 2020"
December,2020,"December 1, 2020"
December,2020,"December 1, 2020"
December,2020,"December 1, 2020"
December,2020,"December 1, 2020"
December,2020,"December 1, 2020"
December,2020,"December 1, 2020"
December,2020,"December 1, 2020"
December,2020,"December 1, 2020"
December,2020,"December 1, 2020"
December,2020,"December 1, 2020"
December,2020,"December 1, 2020"
December,2020,"December 1, 2020"
December,2020,"December 1, 2020"
December,2020,"December 1, 2020"
December,2020,"December 1, 2020"
December,2020,"December 1, 2020"
December,2020,"December 1, 2020"
December,2020,"December 1, 2020"
December,2020,"December 1, 2020"
December,2020,"December 1, 2020"
December,2020,"December 1, 2020"
December,2020,"December 1, 2020"
December,2020,"December 1, 2020"
December,2020,"December 1, 2020"
December,2020,"December 1, 2020"
December,2020,"December 1, 2020"
December,2020,"December 1, 2020"
December,2020,"December 1, 2020"
December,2020,"December 1, 2020"
December,2020,"December 1, 2020"
December,2020,"December 1, 2020"
December,2020,"December 1, 2020"
December,2020,"December 1, 2020"
December,2020,"December 1, 2020"
November,2020,"November 1, 2020"
November,2020,"November 1, 2020"
November,2020,"November 1, 2020"
November,2020,"November 1, 2020"
November,2020,"November 1, 2020"
November,2020,"November 1, 2020"
November,2020,"November 1, 2020"
November,2020,"November 1, 2020"
November,2020,"November 1, 2020"
November,2020,"November 1, 2020"
November,2020,"November 1, 2020"
November,2020,"November 1, 2020"
November,2020,"November 1, 2020"
November,2020,"November 1, 2020"
November,2020,"November 1, 2020"
November,2020,"November 1, 2020"
November,2020,"November 1, 2020"
November,2020,"November 1, 2020"
November,2020,"November 1, 2020"
November,2020,"November 1, 2020"
November,2020,"November 1, 2020"
November,2020,"November 1, 2020"
November,2020,"November 1, 2020"
November,2020,"November 1, 2020"
November,2020,"November 1, 2020"
November,2020,"November 1, 2020"
November,2020,"November 1, 2020"
November,2020,"November 1, 2020"
November,2020,"November 1, 2020"
October,2020,"October 1, 2020"
October,2020,"October 1, 2020"
October,2020,"October 1, 2020"
October,2020,"October 1, 2020"
October,2020,"October 1, 2020"
October,2020,"October 1, 2020"
October,2020,"October 1, 2020"
October,2020,"October 1, 2020"
October,2020,"October 1, 2020"
October,2020,"October 1, 2020"
October,2020,"October 1, 2020"
October,2020,"October 1, 2020"
October,2020,"October 1, 2020"
October,2020,"October 1, 2020"
October,2020,"October 1, 2020"
October,2020,"October 1, 2020"
October,2020,"October 1, 2020"
October,2020,"October 1, 2020"
October,2020,"October 1, 2020"
October,2020,"October 1, 2020"
October,2020,"October 1, 2020"
October,2020,"October 1, 2020"
October,2020,"October 1, 2020"
October,2020,"October 1, 2020"
October,2020,"October 1, 2020"
October,2020,"October 1, 2020"
October,2020,"October 1, 2020"
October,2020,"October 1, 2020"
October,2020,"October 1, 2020"
October,2020,"October 1, 2020"
October,2020,"October 1, 2020"
October,2020,"October 1, 2020"
October,2020,"October 1, 2020"
October,2020,"October 1, 2020"
October,2020,"October 1, 2020"
October,2020,"October 1, 2020"
October,2020,"October 1, 2020"
October,2020,"October 1, 2020"
October,2020,"October 1, 2020"
October,2020,"October 1, 2020"
October,2020,"October 1, 2020"
October,2020,"October 1, 2020"
October,2020,"October 1, 2020"
October,2020,"October 1, 2020"
September,2020,"September 1, 2020"
September,2020,"September 1, 2020"
September,2020,"September 1, 2020"
September,2020,"September 1, 2020"
September,2020,"September 1, 2020"
September,2020,"September 1, 2020"
September,2020,"September 1, 2020"
September,2020,"September 1, 2020"
September,2020,"September 1, 2020"
September,2020,"September 1, 2020"
September,2020,"September 1, 2020"
September,2020,"September 1, 2020"
September,2020,"September 1, 2020"
September,2020,"September 1, 2020"
September,2020,"September 1, 2020"
September,2020,"September 1, 2020"
September,2020,"September 1, 2020"
September,2020,"September 1, 2020"
September,2020,"September 1, 2020"
September,2020,"September 1, 2020"
September,2020,"September 1, 2020"
September,2020,"September 1, 2020"
September,2020,"September 1, 2020"
September,2020,"September 1, 2020"
September,2020,"September 1, 2020"
September,2020,"September 1, 2020"
September,2020,"September 1, 2020"
September,2020,"September 1, 2020"
September,2020,"September 1, 2020"
September,2020,"September 1, 2020"
September,2020,"September 1, 2020"
September,2020,"September 1, 2020"
August,2020,"August 1, 2020"
August,2020,"August 1, 2020"
August,2020,"August 1, 2020"
August,2020,"August 1, 2020"
August,2020,"August 1, 2020"
August,2020,"August 1, 2020"
August,2020,"August 1, 2020"
August,2020,"August 1, 2020"
August,2020,"August 1, 2020"
August,2020,"August 1, 2020"
August,2020,"August 1, 2020"
August,2020,"August 1, 2020"
August,2020,"August 1, 2020"
August,2020,"August 1, 2020"
August,2020,"August 1, 2020"
August,2020,"August 1, 2020"
August,2020,"August 1, 2020"
August,2020,"August 1, 2020"
August,2020,"August 1, 2020"
August,2020,"August 1, 2020"
August,2020,"August 1, 2020"
August,2020,"August 1, 2020"
August,2020,"August 1, 2020"
August,2020,"August 1, 2020"
August,2020,"August 1, 2020"
August,2020,"August 1, 2020"
August,2020,"August 1, 2020"
August,2020,"August 1, 2020"
August,2020,"August 1, 2020"
August,2020,"August 1, 2020"
August,2020,"August 1, 2020"
August,2020,"August 1, 2020"
August,2020,"August 1, 2020"
August,2020,"August 1, 2020"
August,2020,"August 1, 2020"
August,2020,"August 1, 2020"
August,2020,"August 1, 2020"
July,2020,"July 1, 2020"
July,2020,"July 1, 2020"
July,2020,"July 1, 2020"
July,2020,"July 1, 2020"
July,2020,"July 1, 2020"
July,2020,"July 1, 2020"
July,2020,"July 1, 2020"
July,2020,"July 1, 2020"
July,2020,"July 1, 2020"
July,2020,"July 1, 2020"
July,2020,"July 1, 2020"
July,2020,"July 1, 2020"
July,2020,"July 1, 2020"
July,2020,"July 1, 2020"
July,2020,"July 1, 2020"
July,2020,"July 1, 2020"
July,2020,"July 1, 2020"
July,2020,"July 1, 2020"
July,2020,"July 1, 2020"
July,2020,"July 1, 2020"
July,2020,"July 1, 2020"
July,2020,"July 1, 2020"
July,2020,"July 1, 2020"
July,2020,"July 1, 2020"
July,2020,"July 1, 2020"
July,2020,"July 1, 2020"
July,2020,"July 1, 2020"
July,2020,"July 1, 2020"
July,2020,"July 1, 2020"
July,2020,"July 1, 2020"
July,2020,"July 1, 2020"
July,2020,"July 1, 2020"
July,2020,"July 1, 2020"
July,2020,"July 1, 2020"
July,2020,"July 1, 2020"
July,2020,"July 1, 2020"
July,2020,"July 1, 2020"
July,2020,"July 1, 2020"
July,2020,"July 1, 2020"
July,2020,"July 1, 2020"
June,2020,"June 1, 2020"
June,2020,"June 1, 2020"
June,2020,"June 1, 2020"
June,2020,"June 1, 2020"
June,2020,"June 1, 2020"
June,2020,"June 1, 2020"
June,2020,"June 1, 2020"
June,2020,"June 1, 2020"
June,2020,"June 1, 2020"
June,2020,"June 1, 2020"
June,2020,"June 1, 2020"
June,2020,"June 1, 2020"
June,2020,"June 1, 2020"
June,2020,"June 1, 2020"
June,2020,"June 1, 2020"
June,2020,"June 1, 2020"
June,2020,"June 1, 2020"
June,2020,"June 1, 2020"
June,2020,"June 1, 2020"
June,2020,"June 1, 2020"
June,2020,"June 1, 2020"
June,2020,"June 1, 2020"
June,2020,"June 1, 2020"
June,2020,"June 1, 2020"
June,2020,"June 1, 2020"
June,2020,"June 1, 2020"
June,2020,"June 1, 2020"
June,2020,"June 1, 2020"
June,2020,"June 1, 2020"
May,2020,"May 1, 2020"
May,2020,"May 1, 2020"
May,2020,"May 1, 2020"
May,2020,"May 1, 2020"
May,2020,"May 1, 2020"
May,2020,"May 1, 2020"
May,2020,"May 1, 2020"
May,2020,"May 1, 2020"
May,2020,"May 1, 2020"
May,2020,"May 1, 2020"
May,2020,"May 1, 2020"
May,2020,"May 1, 2020"
May,2020,"May 1, 2020"
May,2020,"May 1, 2020"
May,2020,"May 1, 2020"
May,2020,"May 1, 2020"
May,2020,"May 1, 2020"
May,2020,"May 1, 2020"
May,2020,"May 1, 2020"
May,2020,"May 1, 2020"
May,2020,"May 1, 2020"
May,2020,"May 1, 2020"
May,2020,"May 1, 2020"
May,2020,"May 1, 2020"
May,2020,"May 1, 2020"
May,2020,"May 1, 2020"
May,2020,"May 1, 2020"
May,2020,"May 1, 2020"
May,2020,"May 1, 2020"
May,2020,"May 1, 2020"
May,2020,"May 1, 2020"
April,2020,"April 1, 2020"
April,2020,"April 1, 2020"
April,2020,"April 1, 2020"
April,2020,"April 1, 2020"
April,2020,"April 1, 2020"
April,2020,"April 1, 2020"
April,2020,"April 1, 2020"
April,2020,"April 1, 2020"
April,2020,"April 1, 2020"
April,2020,"April 1, 2020"
April,2020,"April 1, 2020"
April,2020,"April 1, 2020"
April,2020,"April 1, 2020"
April,2020,"April 1, 2020"
April,2020,"April 1, 2020"
April,2020,"April 1, 2020"
April,2020,"April 1, 2020"
April,2020,"April 1, 2020"
April,2020,"April 1, 2020"
April,2020,"April 1, 2020"
April,2020,"April 1, 2020"
April,2020,"April 1, 2020"
April,2020,"April 1, 2020"
April,2020,"April 1, 2020"
April,2020,"April 1, 2020"
April,2020,"April 1, 2020"
April,2020,"April 1, 2020"
March,2020,"March 1, 2020"
March,2020,"March 1, 2020"
March,2020,"March 1, 2020"
March,2020,"March 1, 2020"
March,2020,"March 1, 2020"
March,2020,"March 1, 2020"
March,2020,"March 1, 2020"
March,2020,"March 1, 2020"
March,2020,"March 1, 2020"
March,2020,"March 1, 2020"
March,2020,"March 1, 2020"
March,2020,"March 1, 2020"
March,2020,"March 1, 2020"
March,2020,"March 1, 2020"
March,2020,"March 1, 2020"
March,2020,"March 1, 2020"
March,2020,"March 1, 2020"
March,2020,"March 1, 2020"
March,2020,"March 1, 2020"
March,2020,"March 1, 2020"
March,2020,"March 1, 2020"
March,2020,"March 1, 2020"
March,2020,"March 1, 2020"
March,2020,"March 1, 2020"
March,2020,"March 1, 2020"
February,2020,"February 1, 2020"
February,2020,"February 1, 2020"
February,2020,"February 1, 2020"
February,2020,"February 1, 2020"
February,2020,"February 1, 2020"
February,2020,"February 1, 2020"
February,2020,"February 1, 2020"
February,2020,"February 1, 2020"
February,2020,"February 1, 2020"
February,2020,"February 1, 2020"
February,2020,"February 1, 2020"
February,2020,"February 1, 2020"
February,2020,"February 1, 2020"
February,2020,"February 1, 2020"
February,2020,"February 1, 2020"
February,2020,"February 1, 2020"
February,2020,"February 1, 2020"
February,2020,"February 1, 2020"
February,2020,"February 1, 2020"
February,2020,"February 1, 2020"
February,2020,"February 1, 2020"
February,2020,"February 1, 2020"
February,2020,"February 1, 2020"
February,2020,"February 1, 2020"
February,2020,"February 1, 2020"
February,2020,"February 1, 2020"
February,2020,"February 1, 2020"
February,2020,"February 1, 2020"
February,2020,"February 1, 2020"
February,2020,"February 1, 2020"
February,2020,"February 1, 2020"
February,2020,"February 1, 2020"
February,2020,"February 1, 2020"
February,2020,"February 1, 2020"
February,2020,"February 1, 2020"
February,2020,"February 1, 2020"
January,2020,"January 1, 2020"
January,2020,"January 1, 2020"
January,2020,"January 1, 2020"
January,2020,"January 1, 2020"
January,2020,"January 1, 2020"
January,2020,"January 1, 2020"
January,2020,"January 1, 2020"
January,2020,"January 1, 2020"
January,2020,"January 1, 2020"
January,2020,"January 1, 2020"
January,2020,"January 1, 2020"
January,2020,"January 1, 2020"
January,2020,"January 1, 2020"
January,2020,"January 1, 2020"
January,2020,"January 1, 2020"
January,2020,"January 1, 2020"
January,2020,"January 1, 2020"
January,2020,"January 1, 2020"
January,2020,"January 1, 2020"
January,2020,"January 1, 2020"
January,2020,"January 1, 2020"
January,2020,"January 1, 2020"
January,2020,"January 1, 2020"
January,2020,"January 1, 2020"
January,2020,"January 1, 2020"
January,2020,"January 1, 2020"
January,2020,"January 1, 2020"
January,2020,"January 1, 2020"
January,2020,"January 1, 2020"
January,2020,"January 1, 2020"
January,2020,"January 1, 2020"
January,2020,"January 1, 2020"
January,2020,"January 1, 2020"
January,2020,"January 1, 2020"
January,2020,"January 1, 2020"
January,2020,"January 1, 2020"
January,2020,"January 1, 2020"
January,2020,"January 1, 2020"
January,2020,"January 1, 2020"
January,2020,"January 1, 2020"
September,2021,"September 1, 2021"
September,2021,"September 1, 2021"
September,2021,"September 1, 2021"
September,2021,"September 1, 2021"
September,2021,"September 1, 2021"
September,2021,"September 1, 2021"
September,2021,"September 1, 2021"
September,2021,"September 1, 2021"
September,2021,"September 1, 2021"
September,2021,"September 1, 2021"
September,2021,"September 1, 2021"
September,2021,"September 1, 2021"
September,2021,"September 1, 2021"
September,2021,"September 1, 2021"
September,2021,"September 1, 2021"
September,2021,"September 1, 2021"
September,2021,"September 1, 2021"
September,2021,"September 1, 2021"
September,2021,"September 1, 2021"
September,2021,"September 1, 2021"
September,2021,"September 1, 2021"
September,2021,"September 1, 2021"
September,2021,"September 1, 2021"
September,2021,"September 1, 2021"
September,2021,"September 1, 2021"
September,2021,"September 1, 2021"
August,2021,"August 1, 2021"
August,2021,"August 1, 2021"
August,2021,"August 1, 2021"
August,2021,"August 1, 2021"
August,2021,"August 1, 2021"
August,2021,"August 1, 2021"
August,2021,"August 1, 2021"
August,2021,"August 1, 2021"
August,2021,"August 1, 2021"
August,2021,"August 1, 2021"
August,2021,"August 1, 2021"
August,2021,"August 1, 2021"
August,2021,"August 1, 2021"
August,2021,"August 1, 2021"
August,2021,"August 1, 2021"
August,2021,"August 1, 2021"
August,2021,"August 1, 2021"
August,2021,"August 1, 2021"
August,2021,"August 1, 2021"
August,2021,"August 1, 2021"
August,2021,"August 1, 2021"
August,2021,"August 1, 2021"
August,2021,"August 1, 2021"
August,2021,"August 1, 2021"
August,2021,"August 1, 2021"
August,2021,"August 1, 2021"
August,2021,"August 1, 2021"
August,2021,"August 1, 2021"
August,2021,"August 1, 2021"
August,2021,"August 1, 2021"
July,2021,"July 1, 2021"
July,2021,"July 1, 2021"
July,2021,"July 1, 2021"
July,2021,"July 1, 2021"
July,2021,"July 1, 2021"
July,2021,"July 1, 2021"
July,2021,"July 1, 2021"
July,2021,"July 1, 2021"
July,2021,"July 1, 2021"
July,2021,"July 1, 2021"
July,2021,"July 1, 2021"
July,2021,"July 1, 2021"
July,2021,"July 1, 2021"
July,2021,"July 1, 2021"
July,2021,"July 1, 2021"
July,2021,"July 1, 2021"
July,2021,"July 1, 2021"
July,2021,"July 1, 2021"
July,2021,"July 1, 2021"
July,2021,"July 1, 2021"
July,2021,"July 1, 2021"
July,2021,"July 1, 2021"
July,2021,"July 1, 2021"
July,2021,"July 1, 2021"
July,2021,"July 1, 2021"
July,2021,"July 1, 2021"
July,2021,"July 1, 2021"
July,2021,"July 1, 2021"
July,2021,"July 1, 2021"
July,2021,"July 1, 2021"
July,2021,"July 1, 2021"
July,2021,"July 1, 2021"
July,2021,"July 1, 2021"
July,2021,"July 1, 2021"
July,2021,"July 1, 2021"
July,2021,"July 1, 2021"
July,2021,"July 1, 2021"
July,2021,"July 1, 2021"
July,2021,"July 1, 2021"
July,2021,"July 1, 2021"
July,2021,"July 1, 2021"
July,2021,"July 1, 2021"
July,2021,"July 1, 2021"
July,2021,"July 1, 2021"
July,2021,"July 1, 2021"
July,2021,"July 1, 2021"
July,2021,"July 1, 2021"
June,2021,"June 1, 2021"
June,2021,"June 1, 2021"
June,2021,"June 1, 2021"
June,2021,"June 1, 2021"
June,2021,"June 1, 2021"
June,2021,"June 1, 2021"
June,2021,"June 1, 2021"
June,2021,"June 1, 2021"
June,2021,"June 1, 2021"
June,2021,"June 1, 2021"
June,2021,"June 1, 2021"
June,2021,"June 1, 2021"
June,2021,"June 1, 2021"
June,2021,"June 1, 2021"
June,2021,"June 1, 2021"
June,2021,"June 1, 2021"
June,2021,"June 1, 2021"
June,2021,"June 1, 2021"
June,2021,"June 1, 2021"
June,2021,"June 1, 2021"
June,2021,"June 1, 2021"
June,2021,"June 1, 2021"
June,2021,"June 1, 2021"
June,2021,"June 1, 2021"
June,2021,"June 1, 2021"
June,2021,"June 1, 2021"
June,2021,"June 1, 2021"
June,2021,"June 1, 2021"
June,2021,"June 1, 2021"
June,2021,"June 1, 2021"
June,2021,"June 1, 2021"
June,2021,"June 1, 2021"
June,2021,"June 1, 2021"
June,2021,"June 1, 2021"
June,2021,"June 1, 2021"
June,2021,"June 1, 2021"
June,2021,"June 1, 2021"
June,2021,"June 1, 2021"
June,2021,"June 1, 2021"
June,2021,"June 1, 2021"
June,2021,"June 1, 2021"
June,2021,"June 1, 2021"
May,2021,"May 1, 2021"
May,2021,"May 1, 2021"
May,2021,"May 1, 2021"
May,2021,"May 1, 2021"
May,2021,"May 1, 2021"
May,2021,"May 1, 2021"
May,2021,"May 1, 2021"
May,2021,"May 1, 2021"
May,2021,"May 1, 2021"
May,2021,"May 1, 2021"
May,2021,"May 1, 2021"
May,2021,"May 1, 2021"
May,2021,"May 1, 2021"
May,2021,"May 1, 2021"
May,2021,"May 1, 2021"
May,2021,"May 1, 2021"
May,2021,"May 1, 2021"
May,2021,"May 1, 2021"
May,2021,"May 1, 2021"
May,2021,"May 1, 2021"
May,2021,"May 1, 2021"
May,2021,"May 1, 2021"
May,2021,"May 1, 2021"
May,2021,"May 1, 2021"
May,2021,"May 1, 2021"
May,2021,"May 1, 2021"
May,2021,"May 1, 2021"
May,2021,"May 1, 2021"
May,2021,"May 1, 2021"
May,2021,"May 1, 2021"
May,2021,"May 1, 2021"
May,2021,"May 1, 2021"
May,2021,"May 1, 2021"
May,2021,"May 1, 2021"
May,2021,"May 1, 2021"
May,2021,"May 1, 2021"
May,2021,"May 1, 2021"
May,2021,"May 1, 2021"
May,2021,"May 1, 2021"
May,2021,"May 1, 2021"
May,2021,"May 1, 2021"
May,2021,"May 1, 2021"
April,2021,"April 1, 2021"
April,2021,"April 1, 2021"
April,2021,"April 1, 2021"
April,2021,"April 1, 2021"
April,2021,"April 1, 2021"
April,2021,"April 1, 2021"
April,2021,"April 1, 2021"
April,2021,"April 1, 2021"
April,2021,"April 1, 2021"
April,2021,"April 1, 2021"
April,2021,"April 1, 2021"
April,2021,"April 1, 2021"
April,2021,"April 1, 2021"
April,2021,"April 1, 2021"
April,2021,"April 1, 2021"
April,2021,"April 1, 2021"
April,2021,"April 1, 2021"
April,2021,"April 1, 2021"
April,2021,"April 1, 2021"
April,2021,"April 1, 2021"
April,2021,"April 1, 2021"
April,2021,"April 1, 2021"
April,2021,"April 1, 2021"
April,2021,"April 1, 2021"
April,2021,"April 1, 2021"
April,2021,"April 1, 2021"
April,2021,"April 1, 2021"
April,2021,"April 1, 2021"
April,2021,"April 1, 2021"
April,2021,"April 1, 2021"
April,2021,"April 1, 2021"
April,2021,"April 1, 2021"
April,2021,"April 1, 2021"
April,2021,"April 1, 2021"
March,2021,"March 1, 2021"
March,2021,"March 1, 2021"
March,2021,"March 1, 2021"
March,2021,"March 1, 2021"
March,2021,"March 1, 2021"
March,2021,"March 1, 2021"
March,2021,"March 1, 2021"
March,2021,"March 1, 2021"
March,2021,"March 1, 2021"
March,2021,"March 1, 2021"
March,2021,"March 1, 2021"
March,2021,"March 1, 2021"
March,2021,"March 1, 2021"
March,2021,"March 1, 2021"
March,2021,"March 1, 2021"
March,2021,"March 1, 2021"
March,2021,"March 1, 2021"
March,2021,"March 1, 2021"
March,2021,"March 1, 2021"
March,2021,"March 1, 2021"
March,2021,"March 1, 2021"
March,2021,"March 1, 2021"
March,2021,"March 1, 2021"
March,2021,"March 1, 2021"
March,2021,"March 1, 2021"
March,2021,"March 1, 2021"
March,2021,"March 1, 2021"
March,2021,"March 1, 2021"
March,2021,"March 1, 2021"
March,2021,"March 1, 2021"
March,2021,"March 1, 2021"
March,2021,"March 1, 2021"
March,2021,"March 1, 2021"
March,2021,"March 1, 2021"
March,2021,"March 1, 2021"
March,2021,"March 1, 2021"
March,2021,"March 1, 2021"
March,2021,"March 1, 2021"
March,2021,"March 1, 2021"
March,2021,"March 1, 2021"
March,2021,"March 1, 2021"
March,2021,"March 1, 2021"
March,2021,"March 1, 2021"
March,2021,"March 1, 2021"
March,2021,"March 1, 2021"
February,2021,"February 1, 2021"
February,2021,"February 1, 2021"
February,2021,"February 1, 2021"
February,2021,"February 1, 2021"
February,2021,"February 1, 2021"
February,2021,"February 1, 2021"
February,2021,"February 1, 2021"
February,2021,"February 1, 2021"
February,2021,"February 1, 2021"
February,2021,"February 1, 2021"
February,2021,"February 1, 2021"
February,2021,"February 1, 2021"
February,2021,"February 1, 2021"
February,2021,"February 1, 2021"
February,2021,"February 1, 2021"
February,2021,"February 1, 2021"
February,2021,"February 1, 2021"
February,2021,"February 1, 2021"
February,2021,"February 1, 2021"
February,2021,"February 1, 2021"
February,2021,"February 1, 2021"
February,2021,"February 1, 2021"
February,2021,"February 1, 2021"
February,2021,"February 1, 2021"
February,2021,"February 1, 2021"
February,2021,"February 1, 2021"
January,2021,"January 1, 2021"
January,2021,"January 1, 2021"
January,2021,"January 1, 2021"
January,2021,"January 1, 2021"
January,2021,"January 1, 2021"
January,2021,"January 1, 2021"
January,2021,"January 1, 2021"
January,2021,"January 1, 2021"
January,2021,"January 1, 2021"
January,2021,"January 1, 2021"
January,2021,"January 1, 2021"
January,2021,"January 1, 2021"
January,2021,"January 1, 2021"
January,2021,"January 1, 2021"
January,2021,"January 1, 2021"
January,2021,"January 1, 2021"
January,2021,"January 1, 2021"
January,2021,"January 1, 2021"
January,2021,"January 1, 2021"
January,2021,"January 1, 2021"
January,2021,"January 1, 2021"
January,2021,"January 1, 2021"
January,2021,"January 1, 2021"
January,2021,"January 1, 2021"
January,2021,"January 1, 2021"
January,2021,"January 1, 2021"
January,2021,"January 1, 2021"
January,2021,"January 1, 2021"
January,2021,"January 1, 2021"
January,2021,"January 1, 2021"
January,2021,"January 1, 2021"
January,2021,"January 1, 2021"